prefecture,city,lat,lon
三重県,いなべ市,35.109842,136.538505
三重県,三重郡川越町,35.022269,136.672687
三重県,三重郡朝日町,35.036146,136.662548
三重県,三重郡菰野町,35.020442,136.512857
三重県,亀山市,34.858176,136.447524
三重県,伊勢市,34.504686,136.710816
三重県,伊賀市,34.751373,136.146225
三重県,北牟婁郡紀北町,34.200222,136.326942
三重県,南牟婁郡御浜町,33.818800,136.045106
三重県,名張市,34.623899,136.110149
三重県,員弁郡東員町,35.075819,136.587524
三重県,四日市市,34.979008,136.586958
三重県,多気郡明和町,34.550046,136.628213
三重県,尾鷲市,34.049698,136.201607
三重県,度会郡南伊勢町,34.350864,136.700857
三重県,度会郡玉城町,34.488395,136.630666
三重県,志摩市,34.298809,136.821777
三重県,松阪市,34.579560,136.529192
三重県,桑名市,35.079171,136.665027
三重県,桑名郡木曽岬町,35.075101,136.736956
三重県,津市,34.728694,136.497711
三重県,熊野市,33.886052,136.091839
三重県,鈴鹿市,34.878871,136.544144
三重県,鳥羽市,34.474580,136.841541
京都府,与謝郡与謝野町,35.566785,135.151879
京都府,久世郡久御山町,34.887747,135.744313
京都府,乙訓郡大山崎町,34.901941,135.687654
京都府,亀岡市,35.017492,135.568721
京都府,京丹後市,35.628837,135.064172
京都府,京田辺市,34.811732,135.764253
京都府,京都市上京区,35.027304,135.749970
京都府,京都市下京区,34.994178,135.752074
京都府,京都市中京区,35.010905,135.750582
京都府,京都市伏見区,34.936130,135.759491
京都府,京都市北区,35.051281,135.744128
京都府,京都市南区,34.969393,135.737298
京都府,京都市右京区,35.010635,135.707112
京都府,京都市山科区,34.977326,135.811982
京都府,京都市左京区,35.060872,135.790020
京都府,京都市東山区,34.995235,135.774546
京都府,京都市西京区,34.973067,135.687660
京都府,八幡市,34.867810,135.714298
京都府,南丹市,35.097903,135.494242
京都府,向日市,34.947929,135.703978
京都府,城陽市,34.846215,135.782796
京都府,宇治市,34.896554,135.792406
京都府,宮津市,35.548511,135.203804
京都府,木津川市,34.745872,135.833917
京都府,相楽郡精華町,34.758773,135.781402
京都府,福知山市,35.301066,135.139352
京都府,綴喜郡井手町,34.805804,135.809012
京都府,綴喜郡宇治田原町,34.853146,135.866655
京都府,綾部市,35.310328,135.249976
京都府,舞鶴市,35.460106,135.362234
京都府,船井郡京丹波町,35.168545,135.419102
京都府,長岡京市,34.925730,135.689462
佐賀県,三養基郡みやき町,33.322797,130.445372
佐賀県,三養基郡上峰町,33.319330,130.421352
佐賀県,三養基郡基山町,33.423811,130.510710
佐賀県,伊万里市,33.278702,129.864446
佐賀県,佐賀市,33.266150,130.301580
佐賀県,唐津市,33.431242,129.985289
佐賀県,多久市,33.275533,130.113100
佐賀県,嬉野市,33.096448,129.992564
佐賀県,小城市,33.270246,130.199307
佐賀県,杵島郡白石町,33.186040,130.129543
佐賀県,武雄市,33.200052,130.025291
佐賀県,神埼市,33.293422,130.371871
佐賀県,神埼郡吉野ヶ里町,33.326777,130.399580
佐賀県,西松浦郡有田町,33.189817,129.894370
佐賀県,鳥栖市,33.374999,130.504457
佐賀県,鹿島市,33.102393,130.102669
兵庫県,たつの市,34.854068,134.542507
兵庫県,三木市,34.810158,135.028122
兵庫県,三田市,34.926741,135.201893
兵庫県,丹波市,35.161514,135.060829
兵庫県,丹波篠山市,35.070289,135.219671
兵庫県,伊丹市,34.784241,135.401353
兵庫県,佐用郡佐用町,34.951014,134.418422
兵庫県,加古川市,34.769564,134.848125
兵庫県,加古郡播磨町,34.717011,134.870805
兵庫県,加古郡稲美町,34.750219,134.914941
兵庫県,加東市,34.922030,134.974691
兵庫県,加西市,34.915980,134.852099
兵庫県,南あわじ市,34.292873,134.762228
兵庫県,多可郡多可町,35.049809,134.931455
兵庫県,姫路市,34.829696,134.680288
兵庫県,宍粟市,35.002252,134.538701
兵庫県,宝塚市,34.842664,135.345613
兵庫県,小野市,34.857835,134.941485
兵庫県,尼崎市,34.733420,135.411643
兵庫県,川西市,34.858532,135.409184
兵庫県,川辺郡猪名川町,34.928072,135.354821
兵庫県,揖保郡太子町,34.830748,134.582352
兵庫県,明石市,34.687129,134.928461
兵庫県,朝来市,35.334449,134.842453
兵庫県,洲本市,34.336238,134.870069
兵庫県,淡路市,34.514300,134.943359
兵庫県,相生市,34.829642,134.456546
兵庫県,神崎郡福崎町,34.951801,134.760097
兵庫県,神戸市中央区,34.692918,135.195319
兵庫県,神戸市兵庫区,34.678402,135.165649
兵庫県,神戸市北区,34.802497,135.182304
兵庫県,神戸市垂水区,34.651256,135.065480
兵庫県,神戸市東灘区,34.719459,135.269894
兵庫県,神戸市灘区,34.716725,135.229681
兵庫県,神戸市西区,34.710706,135.002814
兵庫県,神戸市長田区,34.666844,135.148057
兵庫県,神戸市須磨区,34.672130,135.108432
兵庫県,美方郡新温泉町,35.619774,134.458798
兵庫県,美方郡香美町,35.644156,134.632605
兵庫県,芦屋市,34.735974,135.306342
兵庫県,西宮市,34.774530,135.319733
兵庫県,西脇市,34.993522,134.975551
兵庫県,豊岡市,35.534499,134.822237
兵庫県,赤穂市,34.769223,134.388206
兵庫県,赤穂郡上郡町,34.868337,134.358153
兵庫県,養父市,35.397014,134.779056
兵庫県,高砂市,34.776375,134.789003
北海道,三笠市,43.241064,141.870882
北海道,上川郡上川町,43.849082,142.770480
北海道,上川郡下川町,44.303155,142.639868
北海道,上川郡新得町,43.085963,142.850321
北海道,上川郡東神楽町,43.707207,142.423276
北海道,上川郡清水町,43.013708,142.884121
北海道,上川郡美瑛町,43.585719,142.465596
北海道,上川郡鷹栖町,43.824984,142.334204
北海道,上磯郡木古内町,41.677608,140.435292
北海道,中川郡幕別町,42.904410,143.291736
北海道,中川郡本別町,43.126744,143.611976
北海道,中川郡池田町,42.925335,143.441388
北海道,中川郡美深町,44.482054,142.347411
北海道,久遠郡せたな町,42.414290,139.876286
北海道,亀田郡七飯町,41.870525,140.706733
北海道,二海郡八雲町,42.254380,140.274137
北海道,伊達市,42.472378,140.870676
北海道,余市郡余市町,43.193389,140.788502
北海道,函館市,41.792898,140.785073
北海道,勇払郡むかわ町,42.579843,141.934625
北海道,勇払郡厚真町,42.693669,141.877683
北海道,勇払郡安平町,42.775261,141.812763
北海道,北広島市,42.970639,141.525507
北海道,北斗市,41.849278,140.652624
北海道,北見市,43.799689,143.851465
北海道,十勝郡浦幌町,42.811871,143.656479
北海道,千歳市,42.836748,141.651860
北海道,厚岸郡厚岸町,43.047310,144.842475
北海道,古平郡古平町,43.269124,140.640246
北海道,名寄市,44.351086,142.457763
北海道,増毛郡増毛町,43.853591,141.521905
北海道,士別市,44.180093,142.394653
北海道,夕張市,43.009264,142.011982
北海道,夕張郡栗山町,43.055857,141.787208
北海道,夕張郡長沼町,43.009455,141.694410
北海道,室蘭市,42.355469,140.987997
北海道,富良野市,43.344723,142.389746
北海道,小樽市,43.181277,141.039002
北海道,山越郡長万部町,42.516317,140.374616
北海道,岩内郡共和町,42.984039,140.538098
北海道,岩内郡岩内町,42.978288,140.515309
北海道,岩見沢市,43.195023,141.755895
北海道,川上郡弟子屈町,43.487876,144.455697
北海道,川上郡標茶町,43.295802,144.603620
北海道,帯広市,42.911924,143.189110
北海道,広尾郡大樹町,42.492572,143.275012
北海道,広尾郡広尾町,42.294309,143.308771
北海道,恵庭市,42.904089,141.585424
北海道,斜里郡斜里町,43.905244,144.664163
北海道,日高郡新ひだか町,42.345648,142.367517
北海道,旭川市,43.773001,142.389097
北海道,有珠郡壮瞥町,42.559410,140.854996
北海道,札幌市中央区,43.052816,141.335125
北海道,札幌市北区,43.128350,141.344745
北海道,札幌市南区,42.967423,141.294616
北海道,札幌市厚別区,43.038768,141.474691
北海道,札幌市手稲区,43.126729,141.238958
北海道,札幌市東区,43.102170,141.386685
北海道,札幌市清田区,42.988027,141.446072
北海道,札幌市白石区,43.056312,141.419696
北海道,札幌市西区,43.075409,141.281208
北海道,札幌市豊平区,43.023606,141.386694
北海道,松前郡福島町,41.484994,140.255462
北海道,枝幸郡枝幸町,44.938531,142.581018
北海道,枝幸郡浜頓別町,45.125371,142.362984
北海道,根室市,43.327617,145.583000
北海道,標津郡中標津町,43.552860,144.979226
北海道,樺戸郡新十津川町,43.549994,141.878948
北海道,檜山郡江差町,41.872159,140.132113
北海道,歌志内市,43.514099,142.026793
北海道,江別市,43.104196,141.538965
北海道,沙流郡日高町,42.507779,142.047404
北海道,河東郡音更町,42.966454,143.207852
北海道,河西郡芽室町,42.910104,143.071828
北海道,浦河郡浦河町,42.169855,142.775011
北海道,深川市,43.715398,142.046221
北海道,滝川市,43.575494,141.929841
北海道,瀬棚郡今金町,42.427835,140.011527
北海道,留萌市,43.935034,141.651691
北海道,登別市,42.414792,141.102756
北海道,白糠郡白糠町,42.972238,144.109311
北海道,白老郡白老町,42.525761,141.309683
北海道,石狩市,43.156856,141.304540
北海道,石狩郡当別町,43.211773,141.495469
北海道,砂川市,43.500778,141.913058
北海道,稚内市,45.400831,141.684049
北海道,空知郡上富良野町,43.459410,142.470976
北海道,空知郡南幌町,43.060590,141.650778
北海道,空知郡奈井江町,43.432359,141.891588
北海道,紋別市,44.344807,143.341406
北海道,紋別郡滝上町,44.194187,143.077489
北海道,紋別郡興部町,44.461752,143.147455
北海道,紋別郡遠軽町,44.050789,143.521530
北海道,紋別郡雄武町,44.585073,142.958482
北海道,網走市,44.014697,144.265287
北海道,網走郡大空町,43.912583,144.175200
北海道,網走郡美幌町,43.825668,144.106762
北海道,美唄市,43.331463,141.860197
北海道,芦別市,43.520346,142.181643
北海道,苫前郡羽幌町,44.365634,141.704354
北海道,苫小牧市,42.644180,141.583936
北海道,茅部郡森町,42.105863,140.584127
北海道,虻田郡倶知安町,42.901698,140.753496
北海道,虻田郡洞爺湖町,42.550633,140.776150
北海道,赤平市,43.557709,142.059774
北海道,足寄郡足寄町,43.241410,143.550803
北海道,釧路市,42.998546,144.377075
北海道,釧路郡釧路町,43.021985,144.448118
千葉県,いすみ市,35.264213,140.386296
千葉県,佐倉市,35.711532,140.207346
千葉県,八千代市,35.746291,140.109067
千葉県,八街市,35.630897,140.296159
千葉県,勝浦市,35.150435,140.291132
千葉県,匝瑳市,35.701122,140.559460
千葉県,千葉市中央区,35.579642,140.142391
千葉県,千葉市稲毛区,35.649886,140.111102
千葉県,千葉市緑区,35.545195,140.225103
千葉県,千葉市美浜区,35.633787,140.063627
千葉県,千葉市花見川区,35.674682,140.086983
千葉県,千葉市若葉区,35.610574,140.199170
千葉県,印旛郡栄町,35.842276,140.228870
千葉県,印旛郡酒々井町,35.729980,140.276813
千葉県,印西市,35.798018,140.175777
千葉県,君津市,35.321517,139.905758
千葉県,四街道市,35.674909,140.177436
千葉県,大網白里市,35.518823,140.324873
千葉県,夷隅郡御宿町,35.190532,140.351892
千葉県,富津市,35.310096,139.850550
千葉県,富里市,35.728707,140.336060
千葉県,山武市,35.623991,140.402181
千葉県,山武郡九十九里町,35.533110,140.434258
千葉県,山武郡横芝光町,35.668749,140.497158
千葉県,山武郡芝山町,35.720726,140.413976
千葉県,市原市,35.486964,140.120859
千葉県,市川市,35.729545,139.943264
千葉県,成田市,35.800173,140.329370
千葉県,我孫子市,35.868884,140.072734
千葉県,旭市,35.712097,140.639883
千葉県,木更津市,35.390226,139.953442
千葉県,東金市,35.565825,140.372384
千葉県,松戸市,35.800787,139.922628
千葉県,柏市,35.852739,140.004899
千葉県,流山市,35.874640,139.913259
千葉県,浦安市,35.649624,139.902582
千葉県,白井市,35.804473,140.064981
千葉県,習志野市,35.683862,140.040376
千葉県,船橋市,35.735708,140.026744
千葉県,茂原市,35.448914,140.298697
千葉県,袖ヶ浦市,35.414536,140.009913
千葉県,野田市,35.992272,139.852704
千葉県,銚子市,35.732199,140.817752
千葉県,鎌ヶ谷市,35.774912,139.995471
千葉県,長生郡一宮町,35.371317,140.368642
千葉県,長生郡白子町,35.450873,140.374930
千葉県,長生郡長南町,35.394567,140.257539
千葉県,長生郡長生村,35.407015,140.351675
千葉県,館山市,34.989356,139.860666
千葉県,香取市,35.887290,140.517816
千葉県,香取郡多古町,35.751139,140.471920
千葉県,香取郡東庄町,35.826712,140.680344
千葉県,鴨川市,35.114883,140.103543
和歌山県,伊都郡かつらぎ町,34.297915,135.497014
和歌山県,伊都郡九度山町,34.291467,135.560812
和歌山県,伊都郡高野町,34.213576,135.585463
和歌山県,和歌山市,34.231005,135.202850
和歌山県,岩出市,34.269055,135.309125
和歌山県,御坊市,33.897067,135.161053
和歌山県,新宮市,33.703240,135.982655
和歌山県,日高郡みなべ町,33.765381,135.323779
和歌山県,日高郡由良町,33.963054,135.118390
和歌山県,日高郡美浜町,33.887908,135.146690
和歌山県,有田市,34.081601,135.141454
和歌山県,有田郡有田川町,34.063694,135.216805
和歌山県,有田郡湯浅町,34.036455,135.177897
和歌山県,東牟婁郡串本町,33.492232,135.798815
和歌山県,東牟婁郡太地町,33.590931,135.944735
和歌山県,東牟婁郡那智勝浦町,33.637171,135.944623
和歌山県,橋本市,34.326110,135.605563
和歌山県,海南市,34.146992,135.215095
和歌山県,田辺市,33.735419,135.385548
和歌山県,紀の川市,34.250690,135.352114
和歌山県,西牟婁郡すさみ町,33.553615,135.496648
和歌山県,西牟婁郡上富田町,33.699598,135.424535
和歌山県,西牟婁郡白浜町,33.642792,135.394369
埼玉県,さいたま市中央区,35.878793,139.626821
埼玉県,さいたま市北区,35.934586,139.616555
埼玉県,さいたま市南区,35.852851,139.675952
埼玉県,さいたま市大宮区,35.906497,139.621616
埼玉県,さいたま市岩槻区,35.942529,139.714920
埼玉県,さいたま市桜区,35.866673,139.602852
埼玉県,さいたま市浦和区,35.874695,139.654514
埼玉県,さいたま市緑区,35.884660,139.704664
埼玉県,さいたま市西区,35.910603,139.577333
埼玉県,さいたま市見沼区,35.924272,139.667548
埼玉県,ふじみ野市,35.866807,139.522533
埼玉県,三郷市,35.826500,139.870021
埼玉県,上尾市,35.970520,139.583221
埼玉県,久喜市,36.074739,139.638748
埼玉県,児玉郡上里町,36.251137,139.135569
埼玉県,児玉郡神川町,36.212268,139.099650
埼玉県,児玉郡美里町,36.182292,139.178679
埼玉県,入間市,35.816523,139.361364
埼玉県,入間郡三芳町,35.832557,139.518046
埼玉県,入間郡毛呂山町,35.943499,139.327732
埼玉県,入間郡越生町,35.964862,139.298667
埼玉県,八潮市,35.820310,139.839801
埼玉県,加須市,36.136994,139.621295
埼玉県,北本市,36.026281,139.531935
埼玉県,北葛飾郡杉戸町,36.033302,139.755338
埼玉県,北葛飾郡松伏町,35.937745,139.825536
埼玉県,北足立郡伊奈町,35.998685,139.618917
埼玉県,南埼玉郡宮代町,36.022560,139.717278
埼玉県,吉川市,35.896121,139.858861
埼玉県,和光市,35.788454,139.620676
埼玉県,坂戸市,35.962199,139.398087
埼玉県,大里郡寄居町,36.117816,139.215924
埼玉県,富士見市,35.857066,139.558151
埼玉県,川口市,35.843129,139.738461
埼玉県,川越市,35.915486,139.487278
埼玉県,幸手市,36.071025,139.739333
埼玉県,志木市,35.834210,139.579990
埼玉県,戸田市,35.817184,139.664875
埼玉県,所沢市,35.798537,139.462476
埼玉県,新座市,35.788537,139.559803
埼玉県,日高市,35.897528,139.342561
埼玉県,春日部市,35.982573,139.778503
埼玉県,朝霞市,35.815434,139.603722
埼玉県,本庄市,36.219897,139.174615
埼玉県,東松山市,36.032717,139.393760
埼玉県,桶川市,36.006467,139.551058
埼玉県,比企郡ときがわ町,36.005968,139.270292
埼玉県,比企郡吉見町,36.044130,139.452237
埼玉県,比企郡小川町,36.066093,139.268875
埼玉県,比企郡嵐山町,36.058667,139.317087
埼玉県,比企郡川島町,35.984058,139.479780
埼玉県,比企郡滑川町,36.068242,139.356990
埼玉県,比企郡鳩山町,35.985861,139.333016
埼玉県,深谷市,36.168138,139.264334
埼玉県,熊谷市,36.155695,139.377584
埼玉県,狭山市,35.859183,139.423082
埼玉県,白岡市,36.022702,139.670640
埼玉県,秩父市,36.014704,139.088739
埼玉県,秩父郡小鹿野町,36.016188,139.009712
埼玉県,秩父郡横瀬町,35.986594,139.102960
埼玉県,秩父郡皆野町,36.072820,139.100375
埼玉県,羽生市,36.168503,139.549545
埼玉県,草加市,35.833344,139.795762
埼玉県,蓮田市,35.999036,139.649326
埼玉県,蕨市,35.823289,139.689641
埼玉県,行田市,36.144120,139.473966
埼玉県,越谷市,35.905129,139.786882
埼玉県,飯能市,35.853297,139.311755
埼玉県,鴻巣市,36.079101,139.504468
埼玉県,鶴ヶ島市,35.935840,139.392478
大分県,中津市,33.583878,131.217504
大分県,佐伯市,32.966214,131.885247
大分県,別府市,33.303206,131.482384
大分県,国東市,33.559388,131.732730
大分県,大分市,33.191944,131.648394
大分県,宇佐市,33.549236,131.339795
大分県,日田市,33.324583,130.934226
大分県,杵築市,33.415407,131.616511
大分県,津久見市,33.072383,131.849711
大分県,玖珠郡玖珠町,33.282137,131.153821
大分県,由布市,33.232962,131.431206
大分県,竹田市,32.966439,131.386952
大分県,臼杵市,33.123438,131.790196
大分県,豊後大野市,32.983218,131.589703
大分県,豊後高田市,33.561599,131.450599
大分県,速見郡日出町,33.370796,131.541994
大阪府,三島郡島本町,34.885354,135.664363
大阪府,交野市,34.779776,135.679525
大阪府,八尾市,34.616707,135.616142
大阪府,南河内郡千早赤阪村,34.447628,135.628048
大阪府,南河内郡太子町,34.517037,135.646100
大阪府,南河内郡河南町,34.489319,135.634040
大阪府,吹田市,34.778693,135.518783
大阪府,和泉市,34.449429,135.468647
大阪府,四條畷市,34.732759,135.672507
大阪府,堺市中区,34.525622,135.502578
大阪府,堺市北区,34.563137,135.508328
大阪府,堺市南区,34.479052,135.500994
大阪府,堺市堺区,34.576734,135.474882
大阪府,堺市東区,34.536030,135.534955
大阪府,堺市美原区,34.539495,135.561029
大阪府,堺市西区,34.532190,135.461641
大阪府,大東市,34.712265,135.635380
大阪府,大阪市中央区,34.678896,135.510240
大阪府,大阪市住之江区,34.614560,135.468825
大阪府,大阪市住吉区,34.606598,135.504016
大阪府,大阪市北区,34.705073,135.503878
大阪府,大阪市城東区,34.696926,135.548537
大阪府,大阪市大正区,34.649797,135.470237
大阪府,大阪市天王寺区,34.660708,135.522036
大阪府,大阪市平野区,34.618674,135.559776
大阪府,大阪市旭区,34.723343,135.547650
大阪府,大阪市東住吉区,34.619552,135.531926
大阪府,大阪市東成区,34.672646,135.546766
大阪府,大阪市東淀川区,34.743944,135.529030
大阪府,大阪市此花区,34.681556,135.449453
大阪府,大阪市浪速区,34.659128,135.496903
大阪府,大阪市淀川区,34.729249,135.482623
大阪府,大阪市港区,34.662477,135.453319
大阪府,大阪市生野区,34.653833,135.543706
大阪府,大阪市福島区,34.693613,135.476799
大阪府,大阪市西区,34.677702,135.483794
大阪府,大阪市西成区,34.638715,135.493475
大阪府,大阪市西淀川区,34.709155,135.450862
大阪府,大阪市都島区,34.709262,135.528834
大阪府,大阪市阿倍野区,34.633019,135.514251
大阪府,大阪市鶴見区,34.702283,135.575589
大阪府,大阪狭山市,34.497800,135.549552
大阪府,守口市,34.742138,135.578541
大阪府,富田林市,34.485759,135.595113
大阪府,寝屋川市,34.764945,135.628288
大阪府,岸和田市,34.438598,135.417462
大阪府,摂津市,34.776941,135.568144
大阪府,東大阪市,34.668825,135.607717
大阪府,松原市,34.578561,135.547776
大阪府,枚方市,34.820816,135.679068
大阪府,柏原市,34.581754,135.646189
大阪府,池田市,34.838887,135.433651
大阪府,河内長野市,34.431230,135.566929
大阪府,泉佐野市,34.390679,135.330685
大阪府,泉北郡忠岡町,34.488396,135.399711
大阪府,泉南市,34.363175,135.288894
大阪府,泉南郡岬町,34.320998,135.152441
大阪府,泉南郡熊取町,34.397312,135.359103
大阪府,泉南郡田尻町,34.392877,135.289960
大阪府,泉大津市,34.500426,135.414055
大阪府,箕面市,34.842486,135.483890
大阪府,羽曳野市,34.546505,135.600313
大阪府,茨木市,34.861539,135.548868
大阪府,藤井寺市,34.573793,135.601925
大阪府,豊中市,34.777287,135.471365
大阪府,豊能郡能勢町,34.969495,135.423543
大阪府,豊能郡豊能町,34.915163,135.480730
大阪府,貝塚市,34.418039,135.374469
大阪府,門真市,34.733245,135.600118
大阪府,阪南市,34.344929,135.235646
大阪府,高槻市,34.866064,135.607662
大阪府,高石市,34.524979,135.436667
奈良県,五條市,34.356848,135.698246
奈良県,北葛城郡上牧町,34.562632,135.714955
奈良県,北葛城郡広陵町,34.551805,135.746889
奈良県,北葛城郡河合町,34.581287,135.733123
奈良県,北葛城郡王寺町,34.584222,135.698524
奈良県,吉野郡下市町,34.367423,135.795805
奈良県,吉野郡吉野町,34.396361,135.862742
奈良県,吉野郡大淀町,34.394681,135.794217
奈良県,大和郡山市,34.632511,135.777778
奈良県,大和高田市,34.509399,135.740889
奈良県,天理市,34.595547,135.836482
奈良県,奈良市,34.681723,135.840090
奈良県,宇陀市,34.501416,135.947513
奈良県,御所市,34.440629,135.731427
奈良県,桜井市,34.521612,135.853208
奈良県,橿原市,34.502394,135.790256
奈良県,生駒市,34.707978,135.712336
奈良県,生駒郡三郷町,34.602736,135.691549
奈良県,生駒郡安堵町,34.602569,135.754918
奈良県,生駒郡平群町,34.628447,135.693915
奈良県,生駒郡斑鳩町,34.612680,135.732774
奈良県,磯城郡三宅町,34.572939,135.772171
奈良県,磯城郡川西町,34.586430,135.771746
奈良県,磯城郡田原本町,34.554157,135.794296
奈良県,葛城市,34.496957,135.714005
奈良県,香芝市,34.544624,135.698158
奈良県,高市郡明日香村,34.468414,135.815252
奈良県,高市郡高取町,34.445209,135.784179
宮城県,亘理郡亘理町,38.046440,140.869929
宮城県,亘理郡山元町,37.957654,140.886995
宮城県,仙台市太白区,38.214854,140.846998
宮城県,仙台市宮城野区,38.277362,140.948877
宮城県,仙台市泉区,38.322592,140.869751
宮城県,仙台市若林区,38.230631,140.925648
宮城県,仙台市青葉区,38.281227,140.809232
宮城県,伊具郡丸森町,37.921857,140.769539
宮城県,刈田郡蔵王町,38.093755,140.654338
宮城県,加美郡加美町,38.573399,140.864079
宮城県,名取市,38.168268,140.879172
宮城県,塩竈市,38.327947,141.042350
宮城県,多賀城市,38.297356,140.989090
宮城県,大崎市,38.583597,140.932423
宮城県,宮城郡七ヶ浜町,38.297857,141.061575
宮城県,宮城郡利府町,38.331364,140.981488
宮城県,宮城郡松島町,38.391896,141.074303
宮城県,富谷市,38.383591,140.896021
宮城県,岩沼市,38.110916,140.880962
宮城県,本吉郡南三陸町,38.677959,141.449184
宮城県,東松島市,38.414886,141.190555
宮城県,柴田郡大河原町,38.050756,140.722117
宮城県,柴田郡川崎町,38.182853,140.647873
宮城県,柴田郡村田町,38.135916,140.747744
宮城県,柴田郡柴田町,38.066010,140.789484
宮城県,栗原市,38.769336,141.055322
宮城県,気仙沼市,38.885344,141.571346
宮城県,牡鹿郡女川町,38.442810,141.442293
宮城県,登米市,38.678849,141.226504
宮城県,白石市,38.002161,140.621580
宮城県,石巻市,38.448724,141.304828
宮城県,角田市,37.994083,140.783849
宮城県,遠田郡涌谷町,38.542522,141.125166
宮城県,遠田郡美里町,38.548198,141.051846
宮城県,黒川郡大和町,38.426760,140.895307
宮城県,黒川郡大衡村,38.456110,140.890271
宮城県,黒川郡大郷町,38.412462,141.020109
宮崎県,えびの市,32.044371,130.817180
宮崎県,串間市,31.466821,131.225849
宮崎県,児湯郡川南町,32.198889,131.532349
宮崎県,児湯郡新富町,32.068655,131.493794
宮崎県,児湯郡都農町,32.253206,131.558071
宮崎県,児湯郡高鍋町,32.132679,131.513492
宮崎県,北諸県郡三股町,31.736349,131.117716
宮崎県,宮崎市,31.933688,131.413852
宮崎県,小林市,31.990806,130.975320
宮崎県,延岡市,32.572169,131.666658
宮崎県,日南市,31.607472,131.376460
宮崎県,日向市,32.419860,131.625018
宮崎県,東臼杵郡門川町,32.480375,131.654425
宮崎県,東諸県郡国富町,31.988072,131.343717
宮崎県,東諸県郡綾町,32.001021,131.251460
宮崎県,西臼杵郡高千穂町,32.710679,131.310337
宮崎県,西諸県郡高原町,31.923269,130.999397
宮崎県,西都市,32.109211,131.401150
宮崎県,都城市,31.749739,131.072775
富山県,下新川郡入善町,36.923152,137.499074
富山県,下新川郡朝日町,36.942645,137.564501
富山県,中新川郡上市町,36.704605,137.360247
富山県,中新川郡立山町,36.659663,137.319359
富山県,中新川郡舟橋村,36.701790,137.307019
富山県,南砺市,36.556185,136.907780
富山県,富山市,36.674261,137.216136
富山県,射水市,36.729173,137.090795
富山県,小矢部市,36.658102,136.876281
富山県,氷見市,36.857099,136.966084
富山県,滑川市,36.760416,137.358509
富山県,砺波市,36.629962,136.973777
富山県,高岡市,36.736296,136.998244
富山県,魚津市,36.819194,137.416168
富山県,黒部市,36.873554,137.460193
山口県,下松市,34.020254,131.881221
山口県,下関市,34.067679,130.960047
山口県,光市,33.980312,131.968289
山口県,周南市,34.057454,131.804673
山口県,大島郡周防大島町,33.925788,132.196409
山口県,宇部市,33.983864,131.270804
山口県,山口市,34.116606,131.445338
山口県,山陽小野田市,34.007238,131.167182
山口県,岩国市,34.106699,132.144750
山口県,柳井市,33.971053,132.110853
山口県,熊毛郡平生町,33.930013,132.079696
山口県,熊毛郡田布施町,33.951114,132.038056
山口県,玖珂郡和木町,34.199723,132.216776
山口県,美祢市,34.185378,131.216177
山口県,萩市,34.408686,131.403828
山口県,長門市,34.369914,131.196227
山口県,防府市,34.047442,131.556948
山形県,上山市,38.160063,140.286434
山形県,北村山郡大石田町,38.589654,140.375716
山形県,南陽市,38.055906,140.148026
山形県,天童市,38.359460,140.369719
山形県,寒河江市,38.382276,140.271234
山形県,尾花沢市,38.599366,140.400094
山形県,山形市,38.264181,140.330051
山形県,新庄市,38.767834,140.306682
山形県,最上郡最上町,38.753891,140.503781
山形県,最上郡真室川町,38.856266,140.255963
山形県,最上郡金山町,38.881508,140.334219
山形県,村山市,38.485831,140.373363
山形県,東村山郡中山町,38.333952,140.274434
山形県,東村山郡山辺町,38.295323,140.264450
山形県,東根市,38.425222,140.380476
山形県,東田川郡三川町,38.805574,139.842124
山形県,東田川郡庄内町,38.846557,139.905230
山形県,東置賜郡川西町,38.017478,140.048102
山形県,東置賜郡高畠町,38.006025,140.172005
山形県,米沢市,37.917589,140.125212
山形県,西村山郡大江町,38.376551,140.203106
山形県,西村山郡朝日町,38.319347,140.156656
山形県,西村山郡河北町,38.421712,140.311010
山形県,西村山郡西川町,38.422859,140.120672
山形県,西置賜郡小国町,38.061351,139.747593
山形県,西置賜郡白鷹町,38.184852,140.092550
山形県,酒田市,38.881187,139.831881
山形県,長井市,38.102575,140.036702
山形県,飽海郡遊佐町,39.027649,139.888831
山形県,鶴岡市,38.725451,139.817815
山梨県,上野原市,35.623451,139.107916
山梨県,中央市,35.592866,138.533351
山梨県,中巨摩郡昭和町,35.629583,138.535882
山梨県,南アルプス市,35.620335,138.469667
山梨県,南巨摩郡富士川町,35.563965,138.459278
山梨県,南巨摩郡身延町,35.381138,138.437391
山梨県,南都留郡富士河口湖町,35.506106,138.757918
山梨県,南都留郡山中湖村,35.427531,138.877212
山梨県,南都留郡忍野村,35.459062,138.846181
山梨県,南都留郡西桂町,35.524373,138.846049
山梨県,大月市,35.615863,138.962738
山梨県,富士吉田市,35.483440,138.803599
山梨県,山梨市,35.687356,138.685965
山梨県,甲州市,35.690225,138.730250
山梨県,甲府市,35.647988,138.577340
山梨県,甲斐市,35.670886,138.512096
山梨県,笛吹市,35.637051,138.652937
山梨県,西八代郡市川三郷町,35.561938,138.503843
山梨県,都留市,35.554966,138.905607
山梨県,韮崎市,35.701766,138.449142
岐阜県,下呂市,35.810614,137.246814
岐阜県,不破郡垂井町,35.367267,136.534280
岐阜県,不破郡関ケ原町,35.365538,136.467202
岐阜県,中津川市,35.507224,137.486352
岐阜県,加茂郡八百津町,35.473796,137.115642
岐阜県,加茂郡坂祝町,35.434667,136.982295
岐阜県,加茂郡富加町,35.487298,136.976993
岐阜県,加茂郡川辺町,35.490542,137.069551
岐阜県,可児市,35.409923,137.050162
岐阜県,可児郡御嵩町,35.435657,137.111032
岐阜県,各務原市,35.400148,136.874568
岐阜県,土岐市,35.340794,137.198599
岐阜県,多治見市,35.334946,137.119398
岐阜県,大垣市,35.361173,136.611123
岐阜県,安八郡安八町,35.339177,136.663711
岐阜県,安八郡神戸町,35.410661,136.609848
岐阜県,安八郡輪之内町,35.288808,136.642225
岐阜県,山県市,35.515638,136.779008
岐阜県,岐阜市,35.434975,136.760868
岐阜県,恵那市,35.455500,137.379521
岐阜県,揖斐郡大野町,35.459153,136.629749
岐阜県,揖斐郡揖斐川町,35.484122,136.564111
岐阜県,揖斐郡池田町,35.437002,136.571509
岐阜県,本巣市,35.445488,136.664568
岐阜県,本巣郡北方町,35.432513,136.689136
岐阜県,海津市,35.221836,136.645678
岐阜県,瑞浪市,35.362997,137.258470
岐阜県,瑞穂市,35.393174,136.679341
岐阜県,美濃加茂市,35.461336,137.019175
岐阜県,美濃市,35.551500,136.898967
岐阜県,羽島市,35.317374,136.705008
岐阜県,羽島郡岐南町,35.387019,136.786577
岐阜県,羽島郡笠松町,35.367567,136.766571
岐阜県,郡上市,35.750424,136.960464
岐阜県,関市,35.493655,136.894713
岐阜県,飛騨市,36.278093,137.234305
岐阜県,養老郡養老町,35.302105,136.571816
岐阜県,高山市,36.149690,137.253552
岡山県,井原市,34.591010,133.472789
岡山県,倉敷市,34.586729,133.726921
岡山県,備前市,34.742890,134.197985
岡山県,加賀郡吉備中央町,34.820228,133.756362
岡山県,勝田郡勝央町,35.036906,134.113022
岡山県,和気郡和気町,34.811043,134.158047
岡山県,小田郡矢掛町,34.617246,133.572318
岡山県,岡山市中区,34.664493,133.965363
岡山県,岡山市北区,34.687405,133.872891
岡山県,岡山市南区,34.574318,133.882486
岡山県,岡山市東区,34.685734,134.044071
岡山県,新見市,34.983748,133.461481
岡山県,津山市,35.065775,134.006353
岡山県,浅口市,34.540245,133.602336
岡山県,浅口郡里庄町,34.511650,133.554692
岡山県,玉野市,34.529182,133.942339
岡山県,真庭市,35.055360,133.737001
岡山県,笠岡市,34.517037,133.513558
岡山県,総社市,34.677293,133.745672
岡山県,美作市,35.012346,134.155068
岡山県,苫田郡鏡野町,35.084989,133.932068
岡山県,赤磐市,34.753750,134.011080
岡山県,都窪郡早島町,34.606436,133.825245
岡山県,高梁市,34.787800,133.596316
岩手県,一関市,38.933289,141.154214
岩手県,上閉伊郡大槌町,39.366176,141.906551
岩手県,下閉伊郡山田町,39.457456,141.963351
岩手県,下閉伊郡岩泉町,39.847098,141.838261
岩手県,久慈市,40.185594,141.765044
岩手県,九戸郡野田村,40.111257,141.816934
岩手県,二戸市,40.281553,141.299787
岩手県,二戸郡一戸町,40.217176,141.295770
岩手県,八幡平市,39.921953,141.096445
岩手県,北上市,39.300778,141.100494
岩手県,大船渡市,39.069875,141.718448
岩手県,奥州市,39.142392,141.149177
岩手県,宮古市,39.644849,141.943615
岩手県,岩手郡岩手町,39.957764,141.208318
岩手県,岩手郡雫石町,39.700191,140.966639
岩手県,滝沢市,39.748216,141.097358
岩手県,盛岡市,39.693843,141.142979
岩手県,紫波郡矢巾町,39.610884,141.142708
岩手県,紫波郡紫波町,39.551624,141.150000
岩手県,胆沢郡金ケ崎町,39.202877,141.092078
岩手県,花巻市,39.397884,141.123277
岩手県,西磐井郡平泉町,38.984683,141.113896
岩手県,遠野市,39.332022,141.549551
岩手県,釜石市,39.295422,141.857359
岩手県,陸前高田市,39.014596,141.630792
島根県,仁多郡奥出雲町,35.181476,133.069761
島根県,出雲市,35.391103,132.774719
島根県,大田市,35.180187,132.482965
島根県,安来市,35.414120,133.232596
島根県,松江市,35.461463,133.064044
島根県,江津市,34.992811,132.211247
島根県,浜田市,34.873899,132.059076
島根県,益田市,34.677667,131.855343
島根県,邑智郡川本町,34.984559,132.489847
島根県,隠岐郡隠岐の島町,36.211698,133.323347
島根県,雲南市,35.316651,132.924628
島根県,鹿足郡吉賀町,34.366901,131.917231
島根県,鹿足郡津和野町,34.463251,131.771306
広島県,三原市,34.404528,133.010745
広島県,三次市,34.786520,132.890872
広島県,世羅郡世羅町,34.586384,133.052221
広島県,呉市,34.248309,132.600596
広島県,大竹市,34.229335,132.219260
広島県,安芸郡坂町,34.328753,132.509746
広島県,安芸郡府中町,34.391189,132.510744
広島県,安芸郡海田町,34.369996,132.543900
広島県,安芸郡熊野町,34.336566,132.578907
広島県,安芸高田市,34.665847,132.700508
広島県,尾道市,34.385814,133.186950
広島県,山県郡北広島町,34.674258,132.536563
広島県,広島市中区,34.383017,132.450334
広島県,広島市佐伯区,34.396549,132.362312
広島県,広島市南区,34.372537,132.481878
広島県,広島市安佐北区,34.495987,132.518295
広島県,広島市安佐南区,34.459935,132.448341
広島県,広島市安芸区,34.391027,132.565074
広島県,広島市東区,34.425920,132.506750
広島県,広島市西区,34.394584,132.418386
広島県,庄原市,34.872109,133.068070
広島県,府中市,34.569690,133.228244
広島県,廿日市市,34.338146,132.279424
広島県,東広島市,34.388347,132.722523
広島県,江田島市,34.203679,132.469592
広島県,福山市,34.494059,133.331521
広島県,竹原市,34.351647,132.897960
徳島県,三好市,34.023975,133.806930
徳島県,吉野川市,34.069420,134.363217
徳島県,名西郡石井町,34.077113,134.435531
徳島県,小松島市,33.992622,134.596297
徳島県,徳島市,34.064222,134.528143
徳島県,板野郡北島町,34.126300,134.549478
徳島県,板野郡松茂町,34.133072,134.587608
徳島県,板野郡藍住町,34.127624,134.496462
徳島県,海部郡牟岐町,33.671257,134.421226
徳島県,海部郡美波町,33.733759,134.534704
徳島県,美馬市,34.069982,134.145164
徳島県,美馬郡つるぎ町,34.037151,134.065791
徳島県,阿南市,33.926854,134.647201
徳島県,鳴門市,34.177904,134.585243
愛媛県,上浮穴郡久万高原町,33.663348,132.897079
愛媛県,今治市,34.047744,132.956076
愛媛県,伊予市,33.761995,132.723227
愛媛県,伊予郡松前町,33.790828,132.722281
愛媛県,伊予郡砥部町,33.777611,132.787729
愛媛県,八幡浜市,33.462049,132.425902
愛媛県,北宇和郡鬼北町,33.254464,132.678316
愛媛県,南宇和郡愛南町,32.970997,132.559688
愛媛県,喜多郡内子町,33.545132,132.655287
愛媛県,四国中央市,33.982826,133.539062
愛媛県,大洲市,33.539179,132.529629
愛媛県,宇和島市,33.213116,132.554027
愛媛県,新居浜市,33.940975,133.300279
愛媛県,東温市,33.797359,132.883404
愛媛県,松山市,33.838754,132.778436
愛媛県,西予市,33.381257,132.502763
愛媛県,西条市,33.913417,133.128652
愛知県,あま市,35.187205,136.803511
愛知県,みよし市,35.089209,137.083686
愛知県,一宮市,35.314777,136.795068
愛知県,丹羽郡大口町,35.334509,136.909473
愛知県,丹羽郡扶桑町,35.358616,136.911553
愛知県,刈谷市,35.001797,137.010637
愛知県,北名古屋市,35.247678,136.872414
愛知県,半田市,34.903244,136.932312
愛知県,名古屋市中区,35.160144,136.906157
愛知県,名古屋市中川区,35.138559,136.840930
愛知県,名古屋市中村区,35.163887,136.856406
愛知県,名古屋市北区,35.216107,136.920068
愛知県,名古屋市千種区,35.166786,136.960060
愛知県,名古屋市南区,35.091642,136.925559
愛知県,名古屋市名東区,35.169931,137.004596
愛知県,名古屋市天白区,35.122170,136.983425
愛知県,名古屋市守山区,35.217465,136.989102
愛知県,名古屋市昭和区,35.148609,136.944654
愛知県,名古屋市東区,35.181786,136.926444
愛知県,名古屋市港区,35.107409,136.836533
愛知県,名古屋市熱田区,35.128624,136.894395
愛知県,名古屋市瑞穂区,35.125422,136.938771
愛知県,名古屋市緑区,35.079187,136.972842
愛知県,名古屋市西区,35.215579,136.883115
愛知県,大府市,35.017426,136.955201
愛知県,安城市,34.940969,137.072860
愛知県,小牧市,35.293104,136.930201
愛知県,尾張旭市,35.213097,137.035888
愛知県,岡崎市,34.946615,137.172532
愛知県,岩倉市,35.280427,136.871561
愛知県,常滑市,34.892137,136.845774
愛知県,弥富市,35.103759,136.746164
愛知県,愛知郡東郷町,35.095813,137.051693
愛知県,愛西市,35.171360,136.723665
愛知県,新城市,34.896452,137.501839
愛知県,日進市,35.135761,137.042900
愛知県,春日井市,35.256557,136.981427
愛知県,東海市,35.025954,136.906793
愛知県,江南市,35.341055,136.870615
愛知県,津島市,35.172562,136.748477
愛知県,海部郡大治町,35.173650,136.822599
愛知県,海部郡蟹江町,35.131729,136.786170
愛知県,海部郡飛島村,35.078594,136.792904
愛知県,清須市,35.212717,136.848706
愛知県,瀬戸市,35.228006,137.092140
愛知県,犬山市,35.362546,136.955932
愛知県,田原市,34.654692,137.232182
愛知県,知多市,34.968768,136.865540
愛知県,知多郡南知多町,34.725172,136.918724
愛知県,知多郡東浦町,34.969180,136.960552
愛知県,知多郡武豊町,34.850124,136.910008
愛知県,知多郡美浜町,34.778084,136.887462
愛知県,知多郡阿久比町,34.935714,136.914942
愛知県,知立市,35.001117,137.048999
愛知県,碧南市,34.887226,136.996074
愛知県,稲沢市,35.239697,136.759505
愛知県,蒲郡市,34.816813,137.220949
愛知県,西尾市,34.837483,137.059337
愛知県,西春日井郡豊山町,35.248544,136.913408
愛知県,豊川市,34.832288,137.367399
愛知県,豊明市,35.055868,137.007592
愛知県,豊橋市,34.744655,137.394393
愛知県,豊田市,35.076895,137.149172
愛知県,長久手市,35.176501,137.042714
愛知県,額田郡幸田町,34.865677,137.169456
愛知県,高浜市,34.932490,136.994124
新潟県,三条市,37.620361,138.956460
新潟県,上越市,37.152429,138.283170
新潟県,五泉市,37.718873,139.185846
新潟県,佐渡市,38.025102,138.349713
新潟県,加茂市,37.669076,139.037460
新潟県,北蒲原郡聖籠町,37.980603,139.268541
新潟県,十日町市,37.139246,138.756368
新潟県,南蒲原郡田上町,37.697914,139.064865
新潟県,南魚沼市,37.073069,138.888985
新潟県,南魚沼郡湯沢町,36.930609,138.820736
新潟県,妙高市,36.971634,138.227067
新潟県,小千谷市,37.319718,138.796971
新潟県,新潟市中央区,37.913739,139.042584
新潟県,新潟市北区,37.927835,139.195350
新潟県,新潟市南区,37.769893,139.020043
新潟県,新潟市東区,37.925209,139.104762
新潟県,新潟市江南区,37.865737,139.100122
新潟県,新潟市秋葉区,37.787150,139.110817
新潟県,新潟市西区,37.856042,138.966814
新潟県,新潟市西蒲区,37.761276,138.905798
新潟県,新発田市,37.941111,139.313357
新潟県,村上市,38.205747,139.482558
新潟県,東蒲原郡阿賀町,37.677887,139.455819
新潟県,柏崎市,37.357805,138.582579
新潟県,燕市,37.663833,138.902026
新潟県,糸魚川市,37.049421,137.896538
新潟県,胎内市,38.073410,139.391091
新潟県,西蒲原郡弥彦村,37.692064,138.840903
新潟県,見附市,37.531904,138.915002
新潟県,長岡市,37.450288,138.836529
新潟県,阿賀野市,37.814069,139.231618
新潟県,魚沼市,37.256608,138.975275
東京都,あきる野市,35.729640,139.269354
東京都,三宅村,34.091846,139.512745
東京都,三鷹市,35.686399,139.561544
東京都,世田谷区,35.641448,139.637878
東京都,中央区,35.676240,139.778362
東京都,中野区,35.710168,139.663007
東京都,八丈町,33.101910,139.799409
東京都,八王子市,35.661238,139.316131
東京都,北区,35.761148,139.731230
東京都,千代田区,35.693203,139.761381
東京都,台東区,35.714779,139.787725
東京都,品川区,35.611421,139.723213
東京都,国分寺市,35.706409,139.460273
東京都,国立市,35.683632,139.438593
東京都,墨田区,35.710064,139.814074
東京都,多摩市,35.634673,139.439588
東京都,大島町,34.764941,139.375625
東京都,大田区,35.574978,139.710433
東京都,小平市,35.727793,139.480472
東京都,小笠原村,26.921233,142.180829
東京都,小金井市,35.700150,139.510342
東京都,府中市,35.670491,139.479542
東京都,文京区,35.718615,139.747874
東京都,新宿区,35.701835,139.716810
東京都,新島村,34.380736,139.259952
東京都,日野市,35.663839,139.403156
東京都,昭島市,35.708122,139.365918
東京都,杉並区,35.698489,139.626762
東京都,東久留米市,35.754833,139.521809
東京都,東大和市,35.747865,139.428469
東京都,東村山市,35.760109,139.471718
東京都,板橋区,35.766420,139.681252
東京都,武蔵村山市,35.750282,139.386882
東京都,武蔵野市,35.706676,139.563616
東京都,江戸川区,35.696934,139.878876
東京都,江東区,35.677884,139.816577
東京都,清瀬市,35.782773,139.522456
東京都,渋谷区,35.668582,139.693205
東京都,港区,35.654857,139.739253
東京都,狛江市,35.635120,139.578166
東京都,町田市,35.576240,139.430775
東京都,目黒区,35.629832,139.689022
東京都,神津島村,34.205821,139.136760
東京都,福生市,35.734385,139.331867
東京都,稲城市,35.636617,139.501133
東京都,立川市,35.717561,139.404089
東京都,練馬区,35.746257,139.623816
東京都,羽村市,35.764758,139.313367
東京都,荒川区,35.739579,139.777328
東京都,葛飾区,35.751229,139.855055
東京都,西多摩郡日の出町,35.746331,139.250237
東京都,西多摩郡瑞穂町,35.775429,139.350186
東京都,西東京市,35.735068,139.547758
東京都,調布市,35.657731,139.552483
東京都,豊島区,35.732342,139.711243
東京都,足立区,35.776950,139.797860
東京都,青梅市,35.796069,139.261060
栃木県,さくら市,36.712952,139.992860
栃木県,下都賀郡壬生町,36.453836,139.804462
栃木県,下都賀郡野木町,36.225903,139.737455
栃木県,下野市,36.404794,139.858926
栃木県,佐野市,36.323580,139.577463
栃木県,塩谷郡塩谷町,36.766702,139.828901
栃木県,塩谷郡高根沢町,36.627914,140.004647
栃木県,大田原市,36.863780,140.024449
栃木県,宇都宮市,36.572483,139.889248
栃木県,小山市,36.310542,139.802698
栃木県,日光市,36.730712,139.704369
栃木県,栃木市,36.369156,139.705480
栃木県,河内郡上三川町,36.443438,139.909618
栃木県,真岡市,36.419198,139.991464
栃木県,矢板市,36.796365,139.937712
栃木県,芳賀郡市貝町,36.544570,140.095537
栃木県,芳賀郡益子町,36.466905,140.099019
栃木県,芳賀郡芳賀町,36.528846,140.034711
栃木県,芳賀郡茂木町,36.535811,140.188576
栃木県,足利市,36.333596,139.457784
栃木県,那須塩原市,36.941666,139.985937
栃木県,那須烏山市,36.669599,140.114190
栃木県,那須郡那珂川町,36.741148,140.167601
栃木県,那須郡那須町,37.039895,140.068811
栃木県,鹿沼市,36.544579,139.752672
沖縄県,うるま市,26.356252,127.869620
沖縄県,中頭郡中城村,26.263480,127.788384
沖縄県,中頭郡北中城村,26.303739,127.800319
沖縄県,中頭郡北谷町,26.319759,127.766805
沖縄県,中頭郡嘉手納町,26.363081,127.755943
沖縄県,中頭郡西原町,26.228832,127.757337
沖縄県,中頭郡読谷村,26.390150,127.740537
沖縄県,南城市,26.170020,127.773671
沖縄県,名護市,26.595475,127.990951
沖縄県,国頭郡本部町,26.665401,127.896575
沖縄県,宜野湾市,26.270922,127.748223
沖縄県,宮古島市,24.789000,125.303606
沖縄県,島尻郡与那原町,26.200067,127.759315
沖縄県,島尻郡八重瀬町,26.150360,127.717436
沖縄県,島尻郡南風原町,26.192924,127.728318
沖縄県,沖縄市,26.349678,127.816251
沖縄県,浦添市,26.252010,127.710909
沖縄県,石垣市,24.355826,124.172781
沖縄県,糸満市,26.123810,127.682903
沖縄県,豊見城市,26.175733,127.682962
沖縄県,那覇市,26.210830,127.692274
滋賀県,大津市,35.078123,135.904174
滋賀県,守山市,35.077441,135.978700
滋賀県,彦根市,35.240986,136.228203
滋賀県,愛知郡愛荘町,35.173733,136.222889
滋賀県,東近江市,35.127523,136.191517
滋賀県,栗東市,35.020423,136.002065
滋賀県,湖南市,35.007088,136.091609
滋賀県,犬上郡多賀町,35.225909,136.288535
滋賀県,犬上郡甲良町,35.207421,136.260831
滋賀県,犬上郡豊郷町,35.198652,136.228758
滋賀県,甲賀市,34.934220,136.182265
滋賀県,米原市,35.345779,136.335906
滋賀県,草津市,35.021738,135.945402
滋賀県,蒲生郡日野町,35.019954,136.244066
滋賀県,蒲生郡竜王町,35.067999,136.118975
滋賀県,近江八幡市,35.130232,136.106304
滋賀県,野洲市,35.087685,136.027006
滋賀県,長浜市,35.408400,136.275404
滋賀県,高島市,35.365589,136.030158
熊本県,上益城郡嘉島町,32.744329,130.754055
熊本県,上益城郡御船町,32.723230,130.791414
熊本県,上益城郡益城町,32.784626,130.820220
熊本県,人吉市,32.216251,130.750201
熊本県,八代市,32.504094,130.613973
熊本県,合志市,32.889460,130.763786
熊本県,天草市,32.375940,130.135876
熊本県,宇土市,32.681702,130.664325
熊本県,宇城市,32.632126,130.691791
熊本県,山鹿市,33.015355,130.691299
熊本県,水俣市,32.192046,130.406066
熊本県,熊本市中央区,32.796330,130.714985
熊本県,熊本市北区,32.885086,130.699421
熊本県,熊本市南区,32.728604,130.676787
熊本県,熊本市東区,32.794164,130.766369
熊本県,熊本市西区,32.789929,130.647933
熊本県,玉名市,32.923969,130.550007
熊本県,玉名郡長洲町,32.930369,130.462967
熊本県,荒尾市,32.974505,130.458142
熊本県,菊池市,32.962427,130.799915
熊本県,菊池郡大津町,32.883335,130.872888
熊本県,菊池郡菊陽町,32.862193,130.822662
熊本県,葦北郡芦北町,32.292077,130.499627
熊本県,阿蘇市,32.951692,131.077637
石川県,かほく市,36.726302,136.711259
石川県,七尾市,37.044636,136.956683
石川県,加賀市,36.304267,136.349765
石川県,小松市,36.390223,136.454477
石川県,河北郡内灘町,36.648868,136.643824
石川県,河北郡津幡町,36.670985,136.732482
石川県,珠洲市,37.442155,137.285349
石川県,白山市,36.504135,136.562541
石川県,羽咋市,36.899925,136.779608
石川県,羽咋郡志賀町,37.084991,136.740907
石川県,能美市,36.443746,136.503088
石川県,能美郡川北町,36.471060,136.536701
石川県,輪島市,37.391323,136.899360
石川県,野々市市,36.528447,136.603162
石川県,金沢市,36.571578,136.642833
石川県,鳳珠郡穴水町,37.229436,136.906246
石川県,鳳珠郡能登町,37.311493,137.181125
神奈川県,三浦市,35.171034,139.641196
神奈川県,三浦郡葉山町,35.270313,139.591559
神奈川県,中郡二宮町,35.304349,139.249293
神奈川県,中郡大磯町,35.314481,139.288770
神奈川県,伊勢原市,35.402666,139.308578
神奈川県,南足柄市,35.321308,139.102133
神奈川県,厚木市,35.467535,139.342486
神奈川県,大和市,35.463933,139.460704
神奈川県,小田原市,35.286421,139.161623
神奈川県,川崎市中原区,35.571830,139.660728
神奈川県,川崎市多摩区,35.619478,139.557101
神奈川県,川崎市宮前区,35.584582,139.584331
神奈川県,川崎市川崎区,35.523091,139.717962
神奈川県,川崎市幸区,35.544660,139.685741
神奈川県,川崎市高津区,35.582077,139.618473
神奈川県,川崎市麻生区,35.595367,139.496151
神奈川県,平塚市,35.357375,139.320380
神奈川県,座間市,35.485559,139.397708
神奈川県,愛甲郡愛川町,35.526980,139.309711
神奈川県,横浜市中区,35.433714,139.644902
神奈川県,横浜市保土ケ谷区,35.462288,139.580056
神奈川県,横浜市南区,35.429611,139.606410
神奈川県,横浜市戸塚区,35.398277,139.528777
神奈川県,横浜市旭区,35.477247,139.527385
神奈川県,横浜市栄区,35.365566,139.548822
神奈川県,横浜市泉区,35.421274,139.497780
神奈川県,横浜市港北区,35.525627,139.616285
神奈川県,横浜市港南区,35.395075,139.576365
神奈川県,横浜市瀬谷区,35.470096,139.487853
神奈川県,横浜市磯子区,35.386202,139.610269
神奈川県,横浜市神奈川区,35.489198,139.613983
神奈川県,横浜市緑区,35.515981,139.525211
神奈川県,横浜市西区,35.453963,139.617274
神奈川県,横浜市都筑区,35.535445,139.578704
神奈川県,横浜市金沢区,35.344621,139.617927
神奈川県,横浜市青葉区,35.560084,139.521694
神奈川県,横浜市鶴見区,35.511493,139.671092
神奈川県,横須賀市,35.259102,139.662590
神奈川県,海老名市,35.430754,139.394580
神奈川県,相模原市中央区,35.555275,139.356081
神奈川県,相模原市南区,35.522121,139.395693
神奈川県,相模原市緑区,35.583473,139.250342
神奈川県,秦野市,35.381628,139.211800
神奈川県,綾瀬市,35.435960,139.421506
神奈川県,茅ヶ崎市,35.352618,139.407309
神奈川県,藤沢市,35.380264,139.455872
神奈川県,足柄上郡中井町,35.335346,139.217282
神奈川県,足柄上郡大井町,35.331187,139.156686
神奈川県,足柄上郡山北町,35.358487,139.088303
神奈川県,足柄上郡松田町,35.346508,139.139516
神奈川県,足柄上郡開成町,35.334058,139.123647
神奈川県,足柄下郡湯河原町,35.151004,139.109658
神奈川県,足柄下郡真鶴町,35.156398,139.139189
神奈川県,足柄下郡箱根町,35.240984,139.053039
神奈川県,逗子市,35.298359,139.589601
神奈川県,鎌倉市,35.337583,139.532497
神奈川県,高座郡寒川町,35.378990,139.386973
福井県,あわら市,36.226590,136.220991
福井県,三方上中郡若狭町,35.506542,135.878223
福井県,三方郡美浜町,35.607978,135.944316
福井県,丹生郡越前町,35.962269,136.102514
福井県,勝山市,36.059957,136.497591
福井県,吉田郡永平寺町,36.094592,136.294007
福井県,坂井市,36.157793,136.232414
福井県,大野市,35.984719,136.501418
福井県,大飯郡高浜町,35.487163,135.560089
福井県,小浜市,35.493758,135.751224
福井県,敦賀市,35.637462,136.058654
福井県,福井市,36.066907,136.215577
福井県,越前市,35.900223,136.178078
福井県,鯖江市,35.959252,136.198932
福岡県,みやま市,33.132041,130.471942
福岡県,三井郡大刀洗町,33.383339,130.613043
福岡県,中間市,33.819095,130.707123
福岡県,久留米市,33.299125,130.530941
福岡県,京都郡みやこ町,33.677542,130.982514
福岡県,京都郡苅田町,33.768250,130.972783
福岡県,八女市,33.208609,130.572983
福岡県,八女郡広川町,33.245706,130.557925
福岡県,北九州市八幡東区,33.863579,130.816148
福岡県,北九州市八幡西区,33.828714,130.739141
福岡県,北九州市小倉北区,33.875027,130.874422
福岡県,北九州市小倉南区,33.806107,130.884527
福岡県,北九州市戸畑区,33.890801,130.829777
福岡県,北九州市若松区,33.914092,130.727991
福岡県,北九州市門司区,33.906413,130.977004
福岡県,古賀市,33.722839,130.491970
福岡県,嘉穂郡桂川町,33.583547,130.676854
福岡県,嘉麻市,33.588689,130.734823
福岡県,大川市,33.208439,130.381432
福岡県,大牟田市,33.043538,130.462192
福岡県,大野城市,33.521166,130.480394
福岡県,太宰府市,33.510786,130.516029
福岡県,宗像市,33.807392,130.557929
福岡県,宮若市,33.734200,130.662870
福岡県,小郡市,33.400865,130.562614
福岡県,春日市,33.524677,130.453632
福岡県,朝倉市,33.413166,130.666003
福岡県,朝倉郡筑前町,33.441739,130.615713
福岡県,柳川市,33.151640,130.416437
福岡県,田川市,33.636388,130.802349
福岡県,田川郡川崎町,33.601697,130.813590
福岡県,田川郡添田町,33.556497,130.855847
福岡県,直方市,33.754407,130.736296
福岡県,福岡市中央区,33.581870,130.388282
福岡県,福岡市南区,33.545474,130.415217
福岡県,福岡市博多区,33.577904,130.441131
福岡県,福岡市城南区,33.553756,130.370468
福岡県,福岡市早良区,33.517710,130.344356
福岡県,福岡市東区,33.660860,130.405314
福岡県,福岡市西区,33.588874,130.265361
福岡県,福津市,33.774044,130.490671
福岡県,筑後市,33.205888,130.492172
福岡県,筑紫野市,33.475876,130.539940
福岡県,築上郡吉富町,33.604798,131.171240
福岡県,築上郡築上町,33.653355,131.059555
福岡県,糟屋郡久山町,33.655146,130.503604
福岡県,糟屋郡宇美町,33.565541,130.516752
福岡県,糟屋郡志免町,33.584990,130.478568
福岡県,糟屋郡新宮町,33.698464,130.458163
福岡県,糟屋郡篠栗町,33.621395,130.521016
福岡県,糟屋郡粕屋町,33.617818,130.474746
福岡県,糟屋郡須恵町,33.589959,130.511463
福岡県,糸島市,33.548792,130.190647
福岡県,行橋市,33.713735,130.979744
福岡県,豊前市,33.608384,131.124268
福岡県,遠賀郡岡垣町,33.854288,130.617265
福岡県,遠賀郡水巻町,33.854409,130.694754
福岡県,遠賀郡芦屋町,33.887578,130.662932
福岡県,遠賀郡遠賀町,33.849671,130.663439
福岡県,那珂川市,33.508349,130.426765
福岡県,鞍手郡小竹町,33.704266,130.707011
福岡県,鞍手郡鞍手町,33.788180,130.674129
福岡県,飯塚市,33.639161,130.682138
福島県,いわき市,37.008777,140.881518
福島県,二本松市,37.595626,140.441623
福島県,伊達市,37.823762,140.568761
福島県,伊達郡国見町,37.880592,140.554221
福島県,伊達郡川俣町,37.665903,140.595951
福島県,伊達郡桑折町,37.848949,140.517102
福島県,会津若松市,37.505942,139.918644
福島県,南会津郡南会津町,37.198795,139.738237
福島県,南相馬市,37.630845,140.968438
福島県,双葉郡双葉町,37.450590,141.003133
福島県,双葉郡大熊町,37.401602,140.990755
福島県,双葉郡富岡町,37.348222,141.002025
福島県,双葉郡広野町,37.214506,140.992337
福島県,双葉郡楢葉町,37.277977,140.997775
福島県,双葉郡浪江町,37.491520,140.985755
福島県,喜多方市,37.650016,139.875674
福島県,大沼郡会津美里町,37.453839,139.863993
福島県,安達郡大玉村,37.545212,140.375303
福島県,岩瀬郡鏡石町,37.251577,140.345160
福島県,本宮市,37.507372,140.399770
福島県,東白川郡塙町,36.954345,140.411173
福島県,東白川郡棚倉町,37.031534,140.384777
福島県,河沼郡会津坂下町,37.562748,139.821998
福島県,河沼郡湯川村,37.566907,139.883413
福島県,田村市,37.435457,140.569799
福島県,田村郡三春町,37.434205,140.479526
福島県,田村郡小野町,37.286960,140.622150
福島県,白河市,37.121326,140.234388
福島県,相馬市,37.797896,140.922332
福島県,相馬郡新地町,37.868921,140.911702
福島県,石川郡平田村,37.217101,140.562665
福島県,石川郡浅川町,37.084902,140.415420
福島県,石川郡玉川村,37.211394,140.420430
福島県,石川郡石川町,37.151688,140.446903
福島県,福島市,37.759777,140.448718
福島県,耶麻郡猪苗代町,37.555716,140.109149
福島県,耶麻郡磐梯町,37.563576,139.990483
福島県,耶麻郡西会津町,37.598353,139.643401
福島県,西白河郡中島村,37.145256,140.359940
福島県,西白河郡泉崎村,37.152901,140.304830
福島県,西白河郡矢吹町,37.198445,140.338947
福島県,西白河郡西郷村,37.133365,140.161133
福島県,郡山市,37.399093,140.359698
福島県,須賀川市,37.299815,140.368368
秋田県,にかほ市,39.251514,139.928476
秋田県,仙北市,39.626568,140.602330
秋田県,仙北郡美郷町,39.423671,140.545510
秋田県,北秋田市,40.191878,140.362764
秋田県,南秋田郡五城目町,39.943670,140.122515
秋田県,南秋田郡八郎潟町,39.950897,140.080109
秋田県,大仙市,39.464006,140.470980
秋田県,大館市,40.264823,140.566868
秋田県,横手市,39.294391,140.517005
秋田県,湯沢市,39.167084,140.484445
秋田県,潟上市,39.863737,140.059384
秋田県,由利本荘市,39.374972,140.059685
秋田県,男鹿市,39.917971,139.846672
秋田県,秋田市,39.711952,140.126576
秋田県,能代市,40.198346,140.067776
秋田県,鹿角市,40.222304,140.788470
秋田県,鹿角郡小坂町,40.326120,140.741626
群馬県,みどり市,36.414679,139.282419
群馬県,伊勢崎市,36.315044,139.215578
群馬県,佐波郡玉村町,36.304055,139.124078
群馬県,利根郡みなかみ町,36.732398,138.982019
群馬県,前橋市,36.398552,139.106142
群馬県,北群馬郡吉岡町,36.444513,139.010037
群馬県,北群馬郡榛東村,36.433426,138.978773
群馬県,吾妻郡中之条町,36.588933,138.843963
群馬県,吾妻郡東吾妻町,36.570732,138.828223
群馬県,吾妻郡草津町,36.617531,138.596006
群馬県,吾妻郡長野原町,36.543205,138.635633
群馬県,太田市,36.300473,139.351669
群馬県,安中市,36.321980,138.865391
群馬県,富岡市,36.253126,138.880441
群馬県,桐生市,36.414367,139.317057
群馬県,沼田市,36.652095,139.047161
群馬県,渋川市,36.498319,139.009789
群馬県,甘楽郡下仁田町,36.212740,138.782427
群馬県,甘楽郡甘楽町,36.240966,138.928098
群馬県,藤岡市,36.247177,139.066850
群馬県,邑楽郡千代田町,36.213586,139.448969
群馬県,邑楽郡大泉町,36.250139,139.405493
群馬県,邑楽郡明和町,36.207570,139.536385
群馬県,邑楽郡板倉町,36.228234,139.617790
群馬県,邑楽郡邑楽町,36.255809,139.461633
群馬県,館林市,36.243792,139.532666
群馬県,高崎市,36.320686,138.991233
茨城県,かすみがうら市,36.136900,140.254235
茨城県,つくばみらい市,35.981101,140.036442
茨城県,つくば市,36.096566,140.084185
茨城県,ひたちなか市,36.393257,140.553262
茨城県,下妻市,36.175115,139.965655
茨城県,久慈郡大子町,36.777228,140.356386
茨城県,北相馬郡利根町,35.865810,140.163831
茨城県,北茨城市,36.802022,140.743535
茨城県,取手市,35.915230,140.072811
茨城県,古河市,36.178860,139.776648
茨城県,土浦市,36.106332,140.180883
茨城県,坂東市,36.093211,139.880133
茨城県,守谷市,35.947214,139.979016
茨城県,小美玉市,36.204221,140.338189
茨城県,常総市,36.060926,139.965479
茨城県,常陸大宮市,36.537916,140.372062
茨城県,常陸太田市,36.536812,140.536283
茨城県,日立市,36.563259,140.629098
茨城県,東茨城郡城里町,36.471878,140.383872
茨城県,東茨城郡大洗町,36.313162,140.563958
茨城県,東茨城郡茨城町,36.293992,140.430290
茨城県,桜川市,36.325199,140.090351
茨城県,水戸市,36.372312,140.457115
茨城県,潮来市,35.962055,140.554393
茨城県,牛久市,35.971694,140.168084
茨城県,猿島郡五霞町,36.107270,139.745421
茨城県,猿島郡境町,36.111283,139.810628
茨城県,石岡市,36.209600,140.241525
茨城県,神栖市,35.842618,140.718048
茨城県,稲敷市,35.942117,140.367041
茨城県,稲敷郡河内町,35.882203,140.248496
茨城県,稲敷郡美浦村,36.014253,140.304729
茨城県,稲敷郡阿見町,36.023883,140.224343
茨城県,笠間市,36.362168,140.263487
茨城県,筑西市,36.291946,139.991301
茨城県,結城市,36.273256,139.869949
茨城県,結城郡八千代町,36.177943,139.896920
茨城県,行方市,36.055167,140.478302
茨城県,那珂市,36.460807,140.492655
茨城県,那珂郡東海村,36.469045,140.574821
茨城県,鉾田市,36.162602,140.528943
茨城県,高萩市,36.723164,140.701855
茨城県,鹿嶋市,35.983871,140.629457
茨城県,龍ヶ崎市,35.916592,140.188844
長崎県,五島市,32.686445,128.836615
長崎県,佐世保市,33.163220,129.737709
長崎県,北松浦郡佐々町,33.235920,129.655470
長崎県,南島原市,32.637324,130.228145
長崎県,南松浦郡新上五島町,32.981560,129.098027
長崎県,壱岐市,33.747582,129.692465
長崎県,大村市,32.922289,129.961497
長崎県,対馬市,34.205110,129.290533
長崎県,島原市,32.787277,130.361300
長崎県,平戸市,33.356498,129.556299
長崎県,東彼杵郡川棚町,33.067960,129.853991
長崎県,東彼杵郡東彼杵町,33.032499,129.930206
長崎県,東彼杵郡波佐見町,33.133511,129.893515
長崎県,松浦市,33.349011,129.713453
長崎県,西彼杵郡時津町,32.835369,129.838147
長崎県,西彼杵郡長与町,32.822641,129.872527
長崎県,西海市,33.026305,129.588146
長崎県,諫早市,32.847392,130.043773
長崎県,長崎市,32.760772,129.877612
長崎県,雲仙市,32.767671,130.228172
長野県,上伊那郡中川村,35.631756,137.936481
長野県,上伊那郡南箕輪村,35.869318,137.966163
長野県,上伊那郡宮田村,35.758702,137.933793
長野県,上伊那郡箕輪町,35.919015,137.981784
長野県,上伊那郡辰野町,35.975405,137.990855
長野県,上伊那郡飯島町,35.672767,137.922422
長野県,上水内郡信濃町,36.810385,138.202494
長野県,上水内郡飯綱町,36.748530,138.252593
長野県,上田市,36.373678,138.239364
長野県,上高井郡小布施町,36.699192,138.316705
長野県,下伊那郡松川町,35.602906,137.907252
長野県,下伊那郡高森町,35.554299,137.873433
長野県,下高井郡山ノ内町,36.748694,138.415332
長野県,下高井郡野沢温泉村,36.919803,138.443188
長野県,中野市,36.744450,138.356793
長野県,伊那市,35.835287,137.993108
長野県,佐久市,36.247245,138.460508
長野県,北佐久郡御代田町,36.320406,138.499119
長野県,北佐久郡軽井沢町,36.336233,138.587598
長野県,北安曇郡松川村,36.416009,137.850495
長野県,北安曇郡池田町,36.407253,137.883825
長野県,北安曇郡白馬村,36.690671,137.860862
長野県,千曲市,36.519846,138.126308
長野県,南佐久郡佐久穂町,36.146831,138.484638
長野県,南佐久郡小海町,36.082775,138.474489
長野県,埴科郡坂城町,36.451210,138.185734
長野県,塩尻市,36.128200,137.959304
長野県,大町市,36.502423,137.847128
長野県,安曇野市,36.304722,137.899661
長野県,小諸市,36.323514,138.432097
長野県,岡谷市,36.066263,138.047832
長野県,木曽郡上松町,35.780852,137.696183
長野県,木曽郡木曽町,35.848373,137.699854
長野県,東御市,36.347432,138.346767
長野県,松本市,36.215389,137.942488
長野県,茅野市,36.001418,138.186946
長野県,諏訪市,36.021619,138.114738
長野県,諏訪郡下諏訪町,36.075886,138.087764
長野県,諏訪郡富士見町,35.910949,138.250519
長野県,長野市,36.626532,138.199474
長野県,須坂市,36.656926,138.301242
長野県,飯山市,36.850817,138.363772
長野県,飯田市,35.502020,137.820037
長野県,駒ヶ根市,35.726909,137.935747
青森県,つがる市,40.805729,140.406204
青森県,むつ市,41.330992,141.187479
青森県,三戸郡三戸町,40.379537,141.258197
青森県,三戸郡五戸町,40.543873,141.367864
青森県,三戸郡南部町,40.399836,141.272046
青森県,三戸郡階上町,40.444923,141.605556
青森県,三沢市,40.712081,141.387679
青森県,上北郡おいらせ町,40.603780,141.424748
青森県,上北郡七戸町,40.695550,141.146875
青森県,上北郡六ヶ所村,40.905911,141.326118
青森県,上北郡六戸町,40.645664,141.323959
青森県,上北郡東北町,40.744389,141.256014
青森県,上北郡野辺地町,40.865885,141.121270
青森県,五所川原市,40.803994,140.462249
青森県,八戸市,40.509767,141.491333
青森県,北津軽郡板柳町,40.709501,140.474959
青森県,北津軽郡鶴田町,40.754248,140.432592
青森県,十和田市,40.611889,141.217028
青森県,南津軽郡大鰐町,40.524243,140.568339
青森県,南津軽郡田舎館村,40.638277,140.539546
青森県,南津軽郡藤崎町,40.660805,140.501408
青森県,平川市,40.592730,140.563973
青森県,弘前市,40.602873,140.461763
青森県,東津軽郡外ケ浜町,41.043184,140.642265
青森県,東津軽郡平内町,40.925926,140.958314
青森県,西津軽郡鰺ヶ沢町,40.777579,140.208391
青森県,青森市,40.802153,140.731529
青森県,黒石市,40.645556,140.602569
静岡県,三島市,35.115899,138.931359
静岡県,下田市,34.681353,138.943490
静岡県,伊東市,34.946849,139.097880
静岡県,伊豆の国市,35.037319,138.947698
静岡県,伊豆市,34.956044,138.928691
静岡県,周智郡森町,34.825662,137.916009
静岡県,富士宮市,35.239494,138.609801
静岡県,富士市,35.168845,138.672388
静岡県,島田市,34.830317,138.178174
静岡県,御前崎市,34.629575,138.159499
静岡県,御殿場市,35.298933,138.924498
静岡県,掛川市,34.757502,138.006340
静岡県,榛原郡吉田町,34.771144,138.253421
静岡県,沼津市,35.103886,138.850282
静岡県,浜松市中央区,34.722922,137.715028
静岡県,浜松市天竜区,34.870119,137.816506
静岡県,浜松市浜名区,34.808711,137.735838
静岡県,湖西市,34.708010,137.535194
静岡県,焼津市,34.842315,138.302522
静岡県,熱海市,35.073009,139.075739
静岡県,牧之原市,34.709678,138.203633
静岡県,田方郡函南町,35.088887,138.957346
静岡県,磐田市,34.722754,137.846771
静岡県,菊川市,34.731003,138.087528
静岡県,藤枝市,34.879012,138.254719
静岡県,袋井市,34.732315,137.922543
静岡県,裾野市,35.189014,138.909167
静岡県,賀茂郡南伊豆町,34.654451,138.857161
静岡県,賀茂郡東伊豆町,34.823293,139.065238
静岡県,賀茂郡河津町,34.756711,138.988593
静岡県,静岡市清水区,35.043216,138.500145
静岡県,静岡市葵区,35.004989,138.370227
静岡県,静岡市駿河区,34.952691,138.396301
静岡県,駿東郡小山町,35.345066,138.960835
静岡県,駿東郡清水町,35.098272,138.898233
静岡県,駿東郡長泉町,35.140614,138.892043
香川県,さぬき市,34.283117,134.209395
香川県,三豊市,34.190159,133.689608
香川県,丸亀市,34.257537,133.839048
香川県,仲多度郡まんのう町,34.190739,133.846989
香川県,仲多度郡多度津町,34.258180,133.750633
香川県,仲多度郡琴平町,34.194469,133.821372
香川県,善通寺市,34.231987,133.781282
香川県,坂出市,34.316207,133.886754
香川県,小豆郡土庄町,34.486187,134.184022
香川県,小豆郡小豆島町,34.475846,134.309432
香川県,木田郡三木町,34.268108,134.137759
香川県,東かがわ市,34.243259,134.352189
香川県,綾歌郡宇多津町,34.302599,133.830473
香川県,綾歌郡綾川町,34.251246,133.947542
香川県,観音寺市,34.113143,133.660643
香川県,高松市,34.295719,134.027806
高知県,南国市,33.569720,133.642034
高知県,吾川郡いの町,33.545343,133.432918
高知県,四万十市,32.984213,132.944678
高知県,土佐市,33.478933,133.418353
高知県,土佐清水市,32.777912,132.951730
高知県,土佐郡土佐町,33.746886,133.555028
高知県,安芸市,33.514181,133.912520
高知県,安芸郡奈半利町,33.424958,134.024078
高知県,安芸郡安田町,33.439428,133.977190
高知県,安芸郡東洋町,33.544968,134.294096
高知県,安芸郡田野町,33.429958,134.007969
高知県,室戸市,33.289870,134.159106
高知県,宿毛市,32.938597,132.721913
高知県,幡多郡黒潮町,33.039243,133.039951
高知県,長岡郡本山町,33.755783,133.588027
高知県,須崎市,33.403556,133.286102
高知県,香南市,33.558258,133.724444
高知県,香美市,33.611324,133.696288
高知県,高岡郡中土佐町,33.332904,133.227740
高知県,高岡郡佐川町,33.504187,133.286881
高知県,高岡郡四万十町,33.218748,133.140737
高知県,高岡郡越知町,33.531454,133.250702
高知県,高知市,33.529264,133.522044
鳥取県,倉吉市,35.433794,133.818469
鳥取県,八頭郡八頭町,35.411351,134.251162
鳥取県,八頭郡智頭町,35.267402,134.229079
鳥取県,八頭郡若桜町,35.344603,134.395936
鳥取県,境港市,35.525794,133.230117
鳥取県,岩美郡岩美町,35.577404,134.329632
鳥取県,東伯郡三朝町,35.409849,133.887453
鳥取県,東伯郡北栄町,35.485173,133.785704
鳥取県,東伯郡湯梨浜町,35.477324,133.885016
鳥取県,東伯郡琴浦町,35.501999,133.668161
鳥取県,米子市,35.443420,133.326473
鳥取県,西伯郡日吉津村,35.443955,133.382219
鳥取県,鳥取市,35.490898,134.206844
鹿児島県,いちき串木野市,31.712151,130.281025
鹿児島県,伊佐市,32.058131,130.604723
鹿児島県,出水市,32.091403,130.341412
鹿児島県,南さつま市,31.411077,130.301767
鹿児島県,南九州市,31.356356,130.419657
鹿児島県,垂水市,31.488421,130.709574
鹿児島県,大島郡和泊町,27.399243,128.657458
鹿児島県,大島郡喜界町,28.320272,129.937357
鹿児島県,大島郡天城町,27.826869,128.897081
鹿児島県,大島郡徳之島町,27.732626,129.017983
鹿児島県,大島郡瀬戸内町,28.148579,129.314685
鹿児島県,大島郡知名町,27.335837,128.571664
鹿児島県,大島郡龍郷町,28.401610,129.593767
鹿児島県,奄美市,28.390329,129.489901
鹿児島県,姶良市,31.734418,130.621498
鹿児島県,姶良郡湧水町,31.999078,130.739562
鹿児島県,志布志市,31.486376,131.084541
鹿児島県,指宿市,31.235756,130.614070
鹿児島県,日置市,31.612333,130.384091
鹿児島県,曽於市,31.691151,131.003096
鹿児島県,曽於郡大崎町,31.428820,131.011577
鹿児島県,枕崎市,31.273628,130.305226
鹿児島県,熊毛郡中種子町,30.542783,130.957685
鹿児島県,熊毛郡南種子町,30.401290,130.901875
鹿児島県,熊毛郡屋久島町,30.381951,130.602526
鹿児島県,肝属郡南大隅町,31.215059,130.775738
鹿児島県,肝属郡肝付町,31.345410,130.946666
鹿児島県,肝属郡錦江町,31.248247,130.787381
鹿児島県,薩摩川内市,31.820060,130.311966
鹿児島県,薩摩郡さつま町,31.899069,130.453798
鹿児島県,西之表市,30.728114,130.998177
鹿児島県,阿久根市,32.016782,130.211277
鹿児島県,霧島市,31.753317,130.754992
鹿児島県,鹿児島市,31.599927,130.513475
鹿児島県,鹿屋市,31.376791,130.865092
